id,GEO.id,GEO.display-label,countyFIPS5,county,stateFIPS,state,stateName,d1900,d1910,d1920,d1930,d1940,d1950,d1960,d1970,d1980,d1990,d2000,d2010,d2020,e1981,e1982,e1983,e1984,e1985,e1986,e1987,e1988,e1989,ebase1990,e1990,e1991,e1992,e1993,e1994,e1995,e1996,e1997,e1998,e1999,ebase2000,e2000,e2001,e2002,e2003,e2004,e2005,e2006,e2007,e2008,e2009,ebase2010,e2010,e2011,e2012,e2013,e2014,e2015,e2016,e2017,e2018,e2019,ebase2020,e2020,e2021,e2022,e2023,e2024,areaLand,areaWater,areaTotal
790,0500000US19001,"Adair County, Iowa",19001,Adair,19,IA,Iowa,16192,14420,14259,13891,13196,12292,10893,9487,9509,8409,8243,7682,7496,9396,9258,9210,9147,8935,8700,8550,8509,8431,8409,8391,8401,8388,8406,8281,8244,8218,8144,8116,8087,8252,8223,8132,8059,8050,8019,7932,7924,7871,7747,7676,7682,7679,7546,7468,7387,7368,7145,7005,7051,7074,7152,7493,7489,7522,7457,7399,7431,1474404201,2597996,1477002197
791,0500000US19003,"Adams County, Iowa",19003,Adams,19,IA,Iowa,13601,10998,10521,10437,10156,8753,7468,6322,5731,4866,4482,4029,3704,5631,5556,5494,5423,5307,5199,5217,5095,4987,4866,4841,4731,4656,4590,4559,4509,4452,4409,4387,4379,4479,4476,4402,4370,4365,4307,4226,4224,4195,4151,4047,4029,4023,3994,3910,3891,3877,3754,3692,3657,3644,3602,3708,3710,3641,3602,3553,3606,1096686255,5367875,1102054130
792,0500000US19005,"Allamakee County, Iowa",19005,Allamakee,19,IA,Iowa,18711,17328,17285,16328,17184,16351,15982,14968,15108,13855,14675,14330,14061,14988,14870,14889,14829,14640,14384,14160,14162,14066,13855,13820,13915,13976,14017,13969,14134,14053,14007,14061,14035,14687,14674,14333,14289,14345,14324,14371,14378,14335,14325,14263,14328,14378,14222,14149,14071,14062,13874,13851,13803,13852,13687,14061,14069,13965,14072,14168,14184,1655186555,51091699,1706278254
793,0500000US19007,"Appanoose County, Iowa",19007,Appanoose,19,IA,Iowa,25927,28701,30535,24835,24245,19683,16015,15007,15511,13743,13721,12887,12317,15362,15157,14864,14640,14388,14150,14116,13960,13818,13743,13738,13738,13810,13823,13623,13596,13601,13503,13563,13488,13715,13696,13578,13420,13522,13462,13453,13319,13105,12950,12896,12887,12856,12848,12707,12654,12671,12577,12505,12353,12401,12426,12311,12283,12269,12135,12129,12106,1287997902,49093607,1337091509
794,0500000US19009,"Audubon County, Iowa",19009,Audubon,19,IA,Iowa,13626,12671,12520,12264,11790,11579,10919,9595,8559,7334,6830,6119,5674,8467,8356,8243,8312,8095,7848,7605,7509,7404,7334,7332,7235,7113,6998,6940,6890,6845,6829,6794,6786,6826,6804,6664,6572,6479,6430,6324,6265,6222,6200,6136,6119,6098,6004,5865,5863,5771,5711,5626,5550,5471,5496,5673,5680,5645,5573,5533,5562,1147264573,1152260,1148416833
795,0500000US19011,"Benton County, Iowa",19011,Benton,19,IA,Iowa,25177,23156,24080,22851,22879,22656,23422,22885,23649,22429,25308,26076,25575,23603,23301,22905,22822,22515,22345,22214,22294,22439,22429,22442,22609,22863,23446,23848,24335,24700,24981,25435,25912,25312,25326,25532,25829,25946,26181,26265,26137,26066,26097,26117,26069,26046,26078,25830,25699,25623,25608,25644,25656,25625,25645,25584,25550,25745,25756,25769,25799,1854696288,5857896,1860554184
796,0500000US19013,"Black Hawk County, Iowa",19013,Black Hawk,19,IA,Iowa,32399,44865,56570,69146,79946,100448,122482,132916,137961,123798,128012,131090,131144,137897,136836,135579,133873,130073,126207,123818,122448,123256,123798,123952,124577,124295,124301,123660,122647,122285,121379,121033,120287,127990,128019,127765,126876,126491,126682,127021,127486,127756,129203,130595,131086,131162,131584,131878,132933,133390,133701,133077,132238,131723,131228,131142,131049,130587,130081,131179,132348,1465303204,17928724,1483231928
797,0500000US19015,"Boone County, Iowa",19015,Boone,19,IA,Iowa,28200,27626,29892,29271,29782,28139,28037,26470,26184,25186,26224,26306,26715,26276,26058,25897,25709,25509,25316,25154,25175,25109,25186,25205,25361,25305,25199,25248,25565,25873,26178,26106,26364,26206,26251,26249,26086,26232,26372,26500,26471,26553,26454,26360,26308,26271,26288,26136,26284,26290,26443,26416,26443,26312,26234,26712,26702,26770,26570,26567,26729,1477553326,8143073,1485696399
798,0500000US19017,"Bremer County, Iowa",19017,Bremer,19,IA,Iowa,16305,15843,16728,17046,17932,18884,21108,22737,24820,22813,23325,24276,24988,24782,24661,24533,24199,23712,23226,22712,22516,22706,22813,22854,22932,23040,23160,23103,23189,23308,23301,23333,23411,23361,23312,23506,23386,23549,23728,23833,24054,24237,24162,24183,24280,24295,24381,24496,24579,24670,24746,24747,24823,24941,25062,24985,25007,25119,25260,25304,25328,1127886260,10165785,1138052045
799,0500000US19019,"Buchanan County, Iowa",19019,Buchanan,19,IA,Iowa,21427,19748,19890,19550,20991,21927,22293,21746,22900,20844,21093,20958,20565,23032,22976,22739,22253,21810,21079,20786,20761,20890,20844,20845,20916,20977,21127,21278,21200,21197,21166,21182,21264,21092,21064,20952,20796,20822,20910,20831,20957,21069,21154,21016,20953,20974,20911,20994,21026,21131,21105,21007,21126,21178,21175,20563,20606,20707,20700,20725,20733,1479086714,5223045,1484309759
800,0500000US19021,"Buena Vista County, Iowa",19021,Buena Vista,19,IA,Iowa,16975,15981,18556,18667,19838,21113,21189,20693,20774,19965,20411,20260,20823,20890,20854,20749,20927,20572,20406,20102,20166,20053,19965,19965,19942,20056,20223,20037,19933,19833,19651,19427,19521,20415,20361,20241,20233,20141,20000,19970,19909,19798,19855,20004,20265,20356,20311,20561,20649,20606,20374,20325,20144,19826,19620,20826,20808,20794,20651,20698,20816,1488981868,13798140,1502780008
801,0500000US19023,"Butler County, Iowa",19023,Butler,19,IA,Iowa,17955,17119,17845,17617,17986,17394,17467,16953,17668,15731,15305,14867,14334,17573,17431,17254,17101,16782,16324,15988,15967,15826,15731,15721,15826,15777,15676,15707,15732,15720,15721,15655,15564,15307,15299,15065,14926,14939,14985,14965,14931,14961,14957,14699,14869,14916,14966,14971,14975,14959,14881,14702,14592,14525,14439,14336,14334,14351,14275,14225,14156,1502550829,4194983,1506745812
802,0500000US19025,"Calhoun County, Iowa",19025,Calhoun,19,IA,Iowa,18569,17090,17783,17605,17584,16925,15923,14287,13542,11508,11115,9670,9927,13385,13243,13015,12758,12345,11953,11761,11633,11598,11508,11504,11510,11526,11511,11673,11526,11489,11450,11379,11282,11114,11088,10918,10683,10488,10382,10228,10093,9947,9845,9684,10177,10160,10064,9913,9898,9845,9801,9811,9729,9711,9668,9926,9895,9894,9725,9790,9711,1475894578,5873827,1481768405
803,0500000US19027,"Carroll County, Iowa",19027,Carroll,19,IA,Iowa,20319,20117,21549,22326,22770,23065,23431,22912,22951,21423,21421,20816,20760,22964,22665,22638,22642,22433,22097,21772,21729,21501,21423,21412,21414,21457,21596,21475,21590,21578,21621,21608,21525,21433,21382,21225,21159,21024,20936,20973,20832,20869,20742,20743,20816,20824,20860,20654,20541,20499,20423,20388,20274,20153,20165,20766,20734,20754,20565,20512,20407,1474877207,2145349,1477022556
804,0500000US19029,"Cass County, Iowa",19029,Cass,19,IA,Iowa,21274,19047,19421,19422,18647,18532,17919,17007,16932,15128,14684,13956,13127,17060,16918,16882,16876,16367,15840,15415,15328,15225,15128,15105,15037,15011,15025,15083,14939,14881,14744,14634,14472,14689,14675,14488,14242,14275,14142,14002,14021,13988,13935,13949,13952,13928,13765,13700,13572,13395,13351,13176,13144,12948,12836,13126,13115,13085,13125,13131,13024,1461422457,1787165,1463209622
805,0500000US19031,"Cedar County, Iowa",19031,Cedar,19,IA,Iowa,19371,17765,17560,16760,16884,16910,17791,17655,18635,17381,18187,18499,18505,18618,18516,18576,18430,18216,17823,17476,17330,17381,17444,17443,17486,17668,17501,17501,17661,17763,17988,17929,18034,18181,18199,18126,18150,18224,18248,18213,18332,18321,18460,18458,18441,18450,18358,18296,18226,18276,18254,18348,18490,18564,18627,18487,18483,18429,18331,18269,18231,1500798732,6385833,1507184565
806,0500000US19033,"Cerro Gordo County, Iowa",19033,Cerro Gordo,19,IA,Iowa,20672,25011,34675,38476,43845,46053,49894,49335,48458,46733,46447,44151,43127,48416,48220,48061,48059,48497,48158,47357,47219,46840,46733,46746,47070,46816,46553,46487,46628,46407,46312,46068,45657,46454,46389,45844,45430,45412,44993,44741,44531,44461,44285,44239,44153,44097,43971,43699,43528,43206,42983,43096,42999,42642,42450,43127,43021,42767,42408,42470,42493,1471889949,17659669,1489549618
807,0500000US19035,"Cherokee County, Iowa",19035,Cherokee,19,IA,Iowa,16570,16741,17760,18737,19258,19052,18598,17269,16238,14098,13035,12072,11658,16128,15869,15848,15657,15266,14843,14507,14276,14139,14098,14106,14057,13969,13899,13865,13614,13426,13354,13174,13062,13032,13019,12905,12685,12579,12510,12380,12215,12152,12014,11953,12067,12110,12024,11951,11874,11801,11483,11394,11307,11295,11235,11658,11658,11539,11492,11652,11658,1494181141,423160,1494604301
808,0500000US19037,"Chickasaw County, Iowa",19037,Chickasaw,19,IA,Iowa,17037,15375,15431,14637,15227,15228,15034,14969,15437,13295,13095,12439,12012,15327,15211,15147,14898,14485,14174,13716,13538,13417,13295,13293,13245,13266,13307,13378,13409,13404,13428,13414,13407,13095,13168,13192,12941,12770,12691,12561,12603,12540,12471,12465,12442,12410,12405,12287,12274,12252,12151,12094,12002,11952,11933,12008,11985,11882,11755,11694,11719,1306192614,3455451,1309648065
809,0500000US19039,"Clarke County, Iowa",19039,Clarke,19,IA,Iowa,12440,10736,10506,10384,10233,9369,8222,7581,8612,8287,9133,9286,9748,8646,8723,8568,8493,8387,8287,8349,8409,8327,8287,8285,8273,8350,8338,8158,8150,8256,8229,8297,8296,9131,9194,9207,9213,9282,9307,9180,9196,9149,9217,9228,9286,9320,9317,9341,9245,9196,9219,9288,9396,9502,9395,9747,9730,9751,9676,9631,9524,1116573604,1524746,1118098350
810,0500000US19041,"Clay County, Iowa",19041,Clay,19,IA,Iowa,13401,12766,15660,16107,17762,18103,18504,18464,19576,17585,17372,16667,16384,19398,19220,19203,18953,18386,17771,17315,17194,17452,17585,17652,17626,17744,17669,17655,17527,17542,17593,17473,17254,17369,17360,17256,17086,16985,16960,16848,16812,16725,16697,16708,16667,16634,16597,16539,16438,16484,16498,16295,16141,16106,16016,16380,16337,16459,16506,16530,16474,1469139465,13866648,1483006113
811,0500000US19043,"Clayton County, Iowa",19043,Clayton,19,IA,Iowa,27750,25576,25032,24559,24334,22522,21962,20606,21098,19054,18678,18129,17043,20951,20801,20602,20506,20177,19699,19411,19369,19218,19054,19058,18860,18761,18834,18788,18750,18786,18785,18711,18615,18667,18611,18529,18369,18357,18358,18269,18272,18259,18209,18185,18128,18080,18017,17946,17793,17768,17726,17661,17648,17540,17549,17048,17034,17058,17058,16985,16931,2016207829,36695624,2052903453
812,0500000US19045,"Clinton County, Iowa",19045,Clinton,19,IA,Iowa,43832,45394,43371,44377,44722,49664,55060,56749,57122,51040,50149,49116,46460,56676,56359,55329,54522,53590,52449,51722,51365,51062,51040,51072,50970,51235,51243,51001,50877,50330,50101,49948,49672,50159,50120,49889,49659,49585,49498,49475,49487,49342,49303,49147,49117,49096,49102,48701,48281,47895,47558,47248,46874,46437,46429,46460,46432,46491,46268,46134,46015,1799934695,39410955,1839345650
813,0500000US19047,"Crawford County, Iowa",19047,Crawford,19,IA,Iowa,21685,20041,20614,21028,20538,19741,18569,18780,18935,16775,16942,17096,16525,18884,18842,18812,18738,18330,17743,17613,17481,17060,16775,16723,16670,16666,16504,16480,16471,16430,16463,16445,16401,16945,16944,16960,16981,16953,16941,16920,16868,16931,16881,16944,17096,17170,17217,17299,17360,17168,17082,17103,17076,17089,16820,16526,16492,16242,16135,16138,16378,1849765416,2171717,1851937133
814,0500000US19049,"Dallas County, Iowa",19049,Dallas,19,IA,Iowa,23058,23628,25120,25493,24649,23661,24123,26085,29513,29755,40750,66135,99678,29362,29174,29322,29180,29247,28879,28807,29176,29314,29755,29873,30422,31072,31835,32466,33326,34486,35785,36887,38219,41109,41446,43204,44960,47118,50387,53042,56158,59164,62144,64489,66139,66750,69696,72235,74949,77739,80631,84248,87208,89953,93453,99735,100544,104194,108164,111593,115343,1523682218,8569306,1532251524
815,0500000US19051,"Davis County, Iowa",19051,Davis,19,IA,Iowa,15620,13315,12574,11150,11136,9959,9199,8207,9104,8312,8541,8753,9110,9109,9025,8992,8931,8788,8686,8554,8375,8301,8312,8320,8315,8314,8381,8430,8484,8395,8458,8441,8470,8541,8544,8588,8586,8534,8612,8583,8619,8676,8675,8701,8753,8776,8771,8707,8769,8756,8777,8884,8969,8972,9000,9112,9115,9155,9158,9165,9193,1300661926,6904087,1307566013
816,0500000US19053,"Decatur County, Iowa",19053,Decatur,19,IA,Iowa,18115,16347,16566,14903,14012,12601,10539,9737,9794,8338,8689,8457,7645,9748,9583,9280,9097,8911,8779,8558,8463,8490,8338,8294,8140,8137,8046,8135,8273,8227,8149,8231,8298,8689,8645,8669,8603,8575,8580,8618,8576,8569,8457,8506,8456,8418,8249,8239,8216,8209,8137,8053,7947,7890,7870,7767,7733,7797,7822,7781,7656,1377569408,4138626,1381708034
817,0500000US19055,"Delaware County, Iowa",19055,Delaware,19,IA,Iowa,19185,17888,18183,18122,18487,17734,18483,18770,18933,18035,18404,17764,17488,18853,18718,18729,18751,18514,18060,17926,17985,18054,18035,18048,18150,18290,18296,18358,18392,18378,18443,18559,18525,18422,18416,18294,18271,18190,18066,17955,17957,17981,17840,17755,17770,17764,17632,17567,17473,17395,17393,17288,17143,17081,17011,17479,17454,17552,17590,17583,17609,1496193401,3185375,1499378776
818,0500000US19057,"Des Moines County, Iowa",19057,Des Moines,19,IA,Iowa,35989,36145,35520,38162,36804,42056,44605,46982,46203,42614,42351,40325,38910,46125,45420,44709,44364,43850,43222,42948,42801,42606,42614,42650,42779,42847,42863,42798,42550,42368,42094,42024,41848,42359,42253,41820,41138,41047,40562,40332,40192,40206,40235,40379,40325,40241,40066,40229,40395,40096,39874,39613,39326,39149,38967,38940,38856,38545,38258,38360,38411,1077769233,35341938,1113111171
819,0500000US19059,"Dickinson County, Iowa",19059,Dickinson,19,IA,Iowa,7995,8137,10241,10982,12185,12756,12574,12565,15629,14909,16424,16667,17703,15567,15384,15243,15218,15048,14813,14656,14726,14846,14909,14934,15191,15237,15377,15398,15582,15760,16049,16205,16299,16429,16460,16477,16351,16339,16506,16644,16667,16634,16690,16666,16667,16670,16859,16925,16878,16840,17004,17109,17141,17121,17258,17708,17773,17876,18052,18087,18158,985574547,60680641,1046255188
820,0500000US19061,"Dubuque County, Iowa",19061,Dubuque,19,IA,Iowa,56403,57450,58262,61214,63768,71337,80048,90609,93745,86403,89143,93653,99266,93307,91992,90296,89616,89096,87771,87125,87351,86644,86403,86435,86851,87423,87900,88181,88354,88401,88192,87865,87915,89133,89201,88932,89132,90012,90462,90769,91258,92130,92519,92948,93643,93929,94593,95159,95945,96481,96850,96763,97066,96922,97311,99275,99310,98863,98748,98988,99242,1575486019,21140740,1596626759
821,0500000US19063,"Emmet County, Iowa",19063,Emmet,19,IA,Iowa,9936,9816,12627,12856,13406,14102,14871,14009,13336,11569,11027,10302,9388,13270,13143,12823,12757,12408,11897,11650,11674,11533,11569,11580,11603,11609,11407,11292,11148,11037,10956,10855,10670,11022,10995,10890,10815,10724,10553,10527,10437,10417,10448,10361,10302,10276,10089,9944,9880,9821,9702,9581,9422,9277,9208,9388,9342,9333,9197,9277,9162,1025349325,17175565,1042524890
822,0500000US19065,"Fayette County, Iowa",19065,Fayette,19,IA,Iowa,29845,27919,29251,29145,29151,28294,28581,26898,25488,21843,22008,20880,19509,25052,24837,24457,24149,23378,22602,21997,21877,21845,21843,21877,22005,21973,21932,21924,21958,21973,21912,21784,21573,22020,22022,21791,21643,21604,21415,21426,21265,21005,20910,20939,20882,20860,20976,20774,20519,20290,20142,19858,19687,19679,19650,19513,19448,19303,19292,19239,19152,1892806735,1354955,1894161690
823,0500000US19067,"Floyd County, Iowa",19067,Floyd,19,IA,Iowa,17754,17119,18860,19524,20169,21505,21102,19860,19597,17058,16900,16303,15627,19345,19103,18998,18781,18523,17882,17538,17400,17312,17058,17036,16851,16939,16803,16727,16590,16539,16493,16347,16245,16898,16854,16660,16670,16641,16586,16520,16586,16497,16331,16248,16293,16309,16095,16087,16023,15999,15910,15857,15767,15752,15642,15627,15593,15458,15316,15266,15008,1296471923,2023930,1298495853
824,0500000US19069,"Franklin County, Iowa",19069,Franklin,19,IA,Iowa,14996,14780,15807,16382,16379,16268,15472,13255,13036,11364,10704,10680,10019,12904,12787,12721,12515,12398,12100,11795,11532,11398,11364,11351,11312,11175,11246,11037,11006,11018,10908,10860,10764,10700,10679,10618,10674,10655,10716,10766,10699,10759,10690,10656,10680,10706,10693,10509,10507,10433,10319,10177,10160,10085,10070,10012,9995,9949,9918,9895,10024,1507300417,1438346,1508738763
825,0500000US19071,"Fremont County, Iowa",19071,Fremont,19,IA,Iowa,18546,15623,15447,15533,14645,12323,10282,9282,9401,8226,8010,7441,6605,9254,9166,9059,9028,8829,8667,8672,8441,8252,8226,8229,8161,8183,8132,8147,8036,7917,7806,7785,7764,8008,7995,7874,7787,7743,7655,7616,7622,7642,7489,7453,7438,7434,7371,7141,7069,7030,6912,6947,6930,6981,6960,6601,6567,6584,6465,6458,6494,1323918215,14168938,1338087153
826,0500000US19073,"Greene County, Iowa",19073,Greene,19,IA,Iowa,17820,16023,16467,16528,16599,15544,14379,12716,12119,10045,10366,9336,8771,11976,11790,11707,11490,11202,10824,10521,10311,10167,10045,10017,10056,10088,10137,10068,9997,10058,10082,10077,9988,10372,10341,10150,10105,9996,9932,9800,9611,9548,9415,9329,9337,9362,9332,9181,9159,9124,8944,9001,8954,8965,8888,8762,8750,8726,8707,8597,8662,1475148030,4404193,1479552223
827,0500000US19075,"Grundy County, Iowa",19075,Grundy,19,IA,Iowa,13757,13574,14420,14133,13518,13722,14132,14119,14366,12029,12369,12453,12329,14187,13947,13781,13514,13251,12799,12423,12274,12115,12029,12016,11951,12069,12054,12130,12217,12285,12298,12235,12285,12370,12368,12319,12372,12348,12383,12406,12436,12317,12359,12447,12453,12463,12478,12437,12341,12390,12405,12286,12298,12272,12232,12339,12347,12376,12379,12412,12405,1299799697,92512,1299892209
828,0500000US19077,"Guthrie County, Iowa",19077,Guthrie,19,IA,Iowa,18729,17374,17596,17324,17210,15197,13607,12243,11983,10935,11353,10954,10623,11855,11687,11551,11595,11417,11277,11049,11060,10920,10935,10946,11126,11170,11188,11225,11348,11396,11470,11492,11596,11348,11334,11225,11227,11343,11389,11249,11150,11116,11038,10939,10955,10937,10859,10762,10671,10686,10649,10642,10645,10720,10689,10627,10619,10598,10687,10763,10774,1529656705,6355531,1536012236
829,0500000US19079,"Hamilton County, Iowa",19079,Hamilton,19,IA,Iowa,19514,19242,19531,20978,19922,19660,20032,18383,17862,16071,16438,15673,15039,17836,17590,17429,17203,16982,16832,16571,16460,16303,16071,16038,16040,16124,16038,16036,16222,16066,16035,16022,15959,16435,16423,16236,16337,16366,16285,16261,16144,15987,15863,15739,15675,15633,15467,15321,15343,15217,15218,15075,15032,14886,14773,15039,15011,14866,14848,14848,14856,1493725536,1956182,1495681718
830,0500000US19081,"Hancock County, Iowa",19081,Hancock,19,IA,Iowa,13752,12731,14723,14802,15402,15077,14604,13227,13833,12638,12100,11341,10795,13663,13583,13412,13500,13380,13095,12897,12864,12832,12638,12609,12491,12381,12157,12056,12127,12133,12014,12053,12055,12107,12109,11954,11846,11905,11838,11834,11729,11580,11525,11371,11338,11297,11292,11175,11131,11040,11028,10887,10756,10710,10630,10793,10758,10687,10664,10631,10616,1478895052,5265568,1484160620
831,0500000US19083,"Hardin County, Iowa",19083,Hardin,19,IA,Iowa,22794,20921,23337,22947,22530,22218,22533,22248,21776,19094,18812,17534,16878,21661,21547,21322,21322,20878,20275,19638,19387,19214,19094,19082,18946,18783,18601,18651,18743,18635,18489,18356,18166,18806,18807,18669,18476,18327,18164,17974,17893,17789,17690,17535,17534,17543,17375,17359,17388,17332,17253,17196,17073,16937,16846,16875,16826,16705,16677,16523,16464,1474498036,1783759,1476281795
832,0500000US19085,"Harrison County, Iowa",19085,Harrison,19,IA,Iowa,25597,23162,24488,24897,22767,19560,17600,16240,16348,14730,15666,14928,14582,16157,16034,15804,15628,15450,15345,15175,15080,14832,14730,14727,14677,14689,14803,14873,15080,15219,15287,15329,15242,15674,15685,15592,15421,15444,15412,15362,15346,15177,14946,14972,14937,14909,14764,14475,14357,14265,14139,14046,14107,14105,14049,14579,14567,14692,14635,14638,14626,1804896268,12325506,1817221774
833,0500000US19087,"Henry County, Iowa",19087,Henry,19,IA,Iowa,20022,18640,18298,17660,17994,18708,18187,18114,18890,19226,20336,20145,20482,18805,18689,18552,18553,18840,18965,19056,19113,19054,19226,19289,19456,19579,19545,19723,19855,19851,19832,20054,20091,20353,20341,20408,20086,20225,20225,20354,20326,20359,20307,20202,20145,20106,20243,19992,20021,19834,19843,19833,20044,20033,19954,20482,20447,20387,20253,19573,19361,1124800190,5774829,1130575019
834,0500000US19089,"Howard County, Iowa",19089,Howard,19,IA,Iowa,14512,12920,13705,13082,13531,13105,12734,11442,11114,9809,9932,9566,9469,11004,10907,10778,10858,10567,10290,10134,10059,9913,9809,9802,9863,9891,9884,9783,9746,9744,9694,9689,9605,9951,9934,9908,9860,9808,9792,9760,9664,9636,9625,9568,9564,9568,9546,9548,9439,9353,9313,9257,9229,9172,9158,9473,9497,9509,9502,9357,9360,1225702841,931480,1226634321
835,0500000US19091,"Humboldt County, Iowa",19091,Humboldt,19,IA,Iowa,12667,12182,12951,13202,13459,13117,13156,12519,12246,10756,10381,9815,9597,12186,11971,11933,11829,11620,11273,10945,10869,10761,10756,10751,10668,10552,10468,10428,10378,10381,10365,10339,10277,10384,10377,10335,10176,10154,10121,10033,10038,9935,9911,9843,9814,9792,9782,9723,9677,9636,9556,9530,9569,9559,9558,9597,9597,9630,9545,9564,9617,1125017997,3373409,1128391406
836,0500000US19093,"Ida County, Iowa",19093,Ida,19,IA,Iowa,12327,11296,11689,11933,11047,10697,10269,9190,8908,8365,7837,7089,7005,8890,8744,8797,8797,8751,8597,8380,8344,8392,8365,8341,8284,8287,8316,8327,8199,8084,8015,7918,7903,7839,7804,7704,7636,7571,7457,7369,7247,7228,7215,7090,7089,7066,7046,7044,7074,6971,6968,6961,6869,6846,6860,7010,7029,6980,6900,6835,6810,1117614339,1391966,1119006305
837,0500000US19095,"Iowa County, Iowa",19095,Iowa,19,IA,Iowa,19544,18409,18600,17332,17016,15835,16396,15419,15429,14630,15671,16355,16662,15415,15155,15102,15118,15078,14920,14699,14705,14653,14630,14619,14750,14761,14873,14948,15163,15364,15461,15507,15619,15680,15729,15868,15911,16062,16108,16297,16391,16308,16337,16406,16356,16335,16323,16180,16281,16317,16282,16192,16133,16155,16184,16660,16653,16583,16491,16386,16423,1518911690,2686847,1521598537
838,0500000US19097,"Jackson County, Iowa",19097,Jackson,19,IA,Iowa,23615,21258,19931,18481,19181,18622,20754,20839,22503,19950,20296,19848,19485,22297,22075,21989,21858,21569,21119,20805,20584,20188,19950,19906,19899,20082,20130,20216,20139,20132,20078,20137,20119,20295,20297,20267,20142,20148,20146,20124,20092,20015,19919,19841,19853,19830,19734,19685,19517,19431,19366,19393,19382,19427,19439,19482,19453,19402,19350,19353,19390,1647340581,35133402,1682473983
839,0500000US19099,"Jasper County, Iowa",19099,Jasper,19,IA,Iowa,26976,27034,27855,32936,31496,32305,35282,35425,36425,34795,37213,36842,37813,36047,35708,35243,35024,34715,34638,34567,34743,34755,34795,34819,34740,34833,35003,35168,35191,35457,35785,36548,36703,37229,37252,37377,37552,37703,37645,37482,37288,37167,37103,36879,36842,36812,36622,36574,36728,36886,36750,36736,36995,37189,37185,37811,37818,37887,37966,37991,38107,1891795097,6544165,1898339262
840,0500000US19101,"Jefferson County, Iowa",19101,Jefferson,19,IA,Iowa,17437,15951,16440,16241,15762,15696,15818,15774,16316,16310,16181,16843,15663,16093,16315,16140,16380,16331,16270,16301,16341,16378,16310,16328,16390,16498,16756,16821,16786,16897,17073,17059,16841,16180,16189,16207,16131,16194,16298,16315,16401,16600,16607,16782,16840,16837,17096,17278,17629,17793,17906,18063,18219,18256,18295,15667,15699,15786,15632,15626,15781,1128002432,3522238,1131524670
841,0500000US19103,"Johnson County, Iowa",19103,Johnson,19,IA,Iowa,24817,25914,26462,30276,33191,45756,53663,72127,81717,96119,111006,130882,152854,83689,84633,86012,87324,88538,89404,90496,92566,94369,96119,96451,96760,98038,99000,100465,101267,101501,102033,102648,103929,110983,111455,113546,114948,116673,118891,120300,122226,124541,127113,129864,130882,131337,134086,137103,140151,142730,144943,146928,149325,150549,151140,152854,153052,155047,156815,158202,160080,1587655794,26070847,1613726641
842,0500000US19105,"Jones County, Iowa",19105,Jones,19,IA,Iowa,21954,19050,18607,19206,19950,19401,20693,19868,20401,19444,20221,20638,20646,20178,20019,19924,19901,19654,19347,19031,19142,19388,19444,19472,19569,19748,19837,19962,20353,20322,20355,20109,19931,20227,20259,20254,20283,20406,20613,20605,20678,20803,20848,20562,20636,20689,20743,20601,20519,20548,20433,20392,20618,20673,20681,20643,20654,20832,20960,20917,21116,1490844765,3782492,1494627257
843,0500000US19107,"Keokuk County, Iowa",19107,Keokuk,19,IA,Iowa,24979,21160,20983,19148,18406,16797,15492,13943,12921,11624,11400,10511,10033,12780,12639,12575,12504,12393,12124,11900,11828,11658,11624,11603,11626,11609,11624,11521,11636,11532,11498,11468,11386,11405,11418,11369,11330,11186,11061,10881,10713,10688,10620,10552,10510,10508,10398,10427,10337,10283,10171,10170,10141,10213,10246,10033,10012,9912,9895,9947,9855,1500056813,1944064,1502000877
844,0500000US19109,"Kossuth County, Iowa",19109,Kossuth,19,IA,Iowa,22720,21971,25082,25452,26630,26241,25314,22937,21891,18591,17163,15543,14828,21515,21203,21016,20827,20402,19684,19156,19033,18839,18591,18563,18291,18207,18140,18156,18089,17944,17898,17710,17694,17159,17206,16912,16670,16525,16437,16287,16045,15878,15685,15630,15545,15525,15400,15413,15332,15229,15158,15104,14939,14878,14813,14817,14791,14511,14462,14410,14408,2519361810,4125592,2523487402
845,0500000US19111,"Lee County, Iowa",19111,Lee,19,IA,Iowa,39719,36702,39676,41268,41074,43102,44207,42996,43106,38687,38052,35862,33555,42572,42265,41895,41567,40797,40317,39665,39174,38882,38687,38630,38903,39051,38874,38930,39064,38730,38662,38479,38210,38062,37931,37435,36960,36627,36587,36364,36291,36130,35819,35856,35862,35849,35569,35541,35236,35059,34894,34458,34216,33909,33657,33553,33529,33260,32793,32509,32376,1340448559,55266767,1395715326
846,0500000US19113,"Linn County, Iowa",19113,Linn,19,IA,Iowa,55392,60720,74004,82336,89142,104274,136899,163213,169775,168767,191701,211226,230299,168753,167054,165409,165246,164826,164173,164332,165979,167701,168767,169171,170694,173142,175110,176850,179102,179850,181564,182757,184877,191728,192365,194359,195987,196920,198314,200395,202709,205840,208558,210217,211243,211705,214207,215485,216488,218129,220271,222188,224379,225763,226706,230303,230433,229474,228947,229402,231762,1857048426,19835228,1876883654
847,0500000US19115,"Louisa County, Iowa",19115,Louisa,19,IA,Iowa,13516,12855,12179,11575,11384,11101,10290,10682,12055,11592,12183,11387,10837,12144,12006,11984,11998,11792,11625,11635,11636,11567,11592,11615,11617,11430,11750,11755,11822,11946,11887,11928,11965,12188,12174,12184,12225,12230,12115,11862,11904,11892,11830,11416,11387,11382,11381,11360,11348,11250,11285,11221,11195,11153,11035,10839,10825,10736,10657,10540,10630,1040596800,40784321,1081381121
848,0500000US19117,"Lucas County, Iowa",19117,Lucas,19,IA,Iowa,16126,13462,15686,15114,14571,12069,10923,10163,10313,9070,9422,8898,8634,10271,10276,10070,10040,9769,9546,9385,9294,9177,9070,9049,9117,9044,9053,9017,9027,9030,9106,9093,9092,9412,9369,9386,9360,9384,9508,9462,9331,9280,9137,8948,8900,8898,8880,8778,8697,8636,8610,8555,8533,8617,8600,8635,8620,8708,8720,8775,8758,1115458264,9852845,1125311109
849,0500000US19119,"Lyon County, Iowa",19119,Lyon,19,IA,Iowa,13165,14624,15431,15293,15374,14697,14468,13340,12896,11952,11763,11581,11934,12796,12703,12743,12583,12375,12074,11903,11944,11901,11952,11983,11940,11961,11958,11900,11833,11928,11964,12038,12008,11763,11748,11684,11670,11702,11692,11677,11604,11536,11545,11557,11581,11567,11692,11757,11695,11703,11747,11780,11785,11815,11755,11929,11923,12035,12185,12288,12378,1521901262,440273,1522341535
850,0500000US19121,"Madison County, Iowa",19121,Madison,19,IA,Iowa,17710,15621,15020,14331,14525,13131,12295,11558,12597,12483,14019,15679,16548,12502,12470,12315,12230,12205,12235,12257,12322,12405,12483,12521,12572,12780,12872,13033,13448,13610,13737,13877,14098,14012,14049,14144,14312,14481,14733,14918,15262,15418,15517,15510,15681,15739,15740,15641,15483,15616,15720,15796,16000,16206,16338,16545,16628,16792,17050,16999,17161,1452999049,2983840,1455982889
851,0500000US19123,"Mahaska County, Iowa",19123,Mahaska,19,IA,Iowa,34273,29860,26270,25804,26485,24672,23602,22177,22867,21522,22335,22381,22190,22565,22279,22012,22136,21844,21637,21466,21559,21410,21532,21553,21464,21518,21660,21727,21831,21765,21817,21913,22002,22319,22299,22407,22394,22156,22240,22454,22298,22388,22483,22364,22382,22408,22501,22398,22421,22363,22312,22186,22211,22018,22095,22191,22162,21982,21959,21967,22034,1478496993,6594320,1485091313
852,0500000US19125,"Marion County, Iowa",19125,Marion,19,IA,Iowa,24159,22995,24957,25727,27019,25930,25886,26352,29669,30001,32052,33309,33414,29831,29923,29676,29635,29517,29455,29592,29886,30033,30001,29988,30150,30216,30428,30690,31000,31109,31119,31375,31624,32048,32104,32583,32572,32547,32618,32774,33396,33279,33515,33468,33307,33225,33270,33274,33014,33269,33109,33146,33091,33259,33253,33417,33414,33450,33582,33718,34048,1436123093,41484609,1477607702
853,0500000US19127,"Marshall County, Iowa",19127,Marshall,19,IA,Iowa,29991,30279,32630,33727,35406,35611,37984,41076,41652,38276,39311,40648,40105,41826,41824,41530,40972,40276,39653,38763,38405,38273,38276,38285,38129,37764,37887,38253,38710,38697,38771,38703,38714,39332,39356,39414,39297,39397,39711,39646,39601,39875,40151,40280,40648,40722,41013,41032,40995,40722,40352,40135,40078,39888,39369,40100,40091,39915,39940,40230,40392,1482776070,1803080,1484579150
854,0500000US19129,"Mills County, Iowa",19129,Mills,19,IA,Iowa,16764,15811,15422,15866,15064,14064,13050,11606,13406,13202,14547,15059,14484,13520,13379,13360,13307,13335,13230,13208,13318,13240,13202,13174,13259,13362,13358,13556,13802,13986,14344,14494,14739,14543,14554,14497,14546,14621,14715,14905,15214,15239,15214,15056,15059,15076,15029,14873,14905,14760,14882,15053,15060,15068,15109,14503,14418,14491,14572,14642,14717,1132940500,8316363,1141256863
855,0500000US19131,"Mitchell County, Iowa",19131,Mitchell,19,IA,Iowa,14916,13435,13921,14065,14121,13945,14043,13108,12329,10928,10874,10776,10565,12113,11943,11842,11588,11426,11261,11147,11110,11006,10928,10924,10920,10840,11007,11053,11069,11074,11077,11017,11068,10877,10868,10736,10822,10830,10898,10800,10836,10812,10815,10763,10776,10793,10709,10716,10669,10700,10676,10644,10563,10571,10586,10560,10586,10555,10557,10544,10632,1215368212,1118491,1216486703
856,0500000US19133,"Monona County, Iowa",19133,Monona,19,IA,Iowa,17980,16633,17125,18213,18238,16303,13916,12069,11692,10034,10020,9243,8751,11517,11402,11419,11203,10836,10529,10343,10297,10157,10034,10004,9982,10051,10079,10104,10074,10087,10142,10072,10084,10020,10009,9860,9791,9819,9681,9566,9479,9423,9350,9247,9242,9248,9238,9091,9032,8899,8866,8786,8724,8659,8615,8752,8742,8595,8515,8503,8429,1797639077,12591063,1810230140
857,0500000US19135,"Monroe County, Iowa",19135,Monroe,19,IA,Iowa,17985,25429,23467,15010,14553,11814,10463,9357,9209,8114,8016,7970,7577,9111,8949,8853,8696,8585,8359,8247,8152,8092,8114,8128,8161,8194,8154,8156,8169,8089,8085,8027,8002,8012,8005,7986,7887,7954,7969,7955,7911,7877,7904,7924,7972,7997,8060,8073,7979,7958,7924,7836,7798,7768,7707,7573,7596,7586,7524,7486,7373,1123299101,1522790,1124821891
858,0500000US19137,"Montgomery County, Iowa",19137,Montgomery,19,IA,Iowa,17803,16604,17048,16752,15697,15685,14467,12781,13413,12076,11771,10740,10330,13362,13146,13129,13166,12838,12345,12092,12059,12110,12076,12073,11973,11903,12034,11968,11918,11882,11849,11845,11717,11775,11793,11509,11313,11211,11191,11214,11179,10981,10823,10803,10740,10690,10632,10540,10404,10384,10149,10124,10112,9961,9917,10326,10330,10317,10210,10148,10063,1098405769,2410446,1100816215
859,0500000US19139,"Muscatine County, Iowa",19139,Muscatine,19,IA,Iowa,28242,29505,29042,29385,31296,32148,33840,37181,40436,39907,41722,42745,43235,41000,41404,41068,40850,40414,40026,39540,39740,39760,39907,39957,40476,40718,41028,41032,41175,40960,40917,41003,41123,41723,41791,41760,41757,41654,41758,41894,42145,42325,42515,42783,42803,42803,42842,42916,43010,43028,43068,42968,42872,42874,42664,43249,43155,42693,42501,42316,42132,1132964480,30262337,1163226817
860,0500000US19141,"O'Brien County, Iowa",19141,O'Brien,19,IA,Iowa,16985,17262,19051,18409,19293,18970,18840,17522,16972,15444,15102,14398,14182,16973,16859,16917,16696,16318,15925,15611,15556,15521,15444,15433,15440,15475,15400,15340,15269,15013,14984,14876,14561,15096,15067,14950,14808,14762,14564,14552,14558,14421,14332,14412,14398,14408,14218,14156,14045,14042,13926,13926,13774,13798,13753,14180,14149,14048,14107,14067,14260,1484153956,447448,1484601404
861,0500000US19143,"Osceola County, Iowa",19143,Osceola,19,IA,Iowa,8725,8956,10223,10182,10607,10181,10064,8555,8371,7267,7003,6462,6192,8253,8123,8130,8059,7757,7537,7360,7345,7259,7267,7281,7270,7210,7187,7149,7055,7057,7053,6959,6906,7003,6985,6963,6899,6888,6863,6743,6713,6600,6617,6509,6462,6459,6316,6204,6236,6231,6160,6095,6021,6028,5958,6193,6200,6174,6073,6016,6036,1032593803,1835263,1034429066
862,0500000US19145,"Page County, Iowa",19145,Page,19,IA,Iowa,24187,24002,24137,25904,24887,23921,21023,18507,19063,16870,16976,15932,15211,18915,18606,18356,18178,17788,17303,16966,16737,16842,16870,16873,16854,16666,16634,16761,16701,17309,17334,17285,17062,16982,16939,16822,16506,16356,16227,16274,16331,16256,16083,15885,15946,15921,15898,15702,15516,15483,15462,15329,15213,15229,15107,15214,15200,15232,15169,15012,15038,1385497642,1359014,1386856656
863,0500000US19147,"Palo Alto County, Iowa",19147,Palo Alto,19,IA,Iowa,14354,13845,15486,15398,16170,15891,14736,13289,12721,10669,10147,9421,8996,12673,12505,12454,12163,11894,11369,10982,10842,10763,10669,10636,10581,10503,10423,10403,10130,10107,10076,10043,9913,10143,10135,10051,9896,9748,9753,9702,9586,9577,9486,9510,9421,9398,9354,9279,9164,9120,9140,9034,9052,8903,8886,9001,8993,8932,8772,8807,8809,1460400553,14428727,1474829280
864,0500000US19149,"Plymouth County, Iowa",19149,Plymouth,19,IA,Iowa,22209,23129,23584,24159,23502,23252,23906,24312,24743,23388,24849,24986,25698,24879,24431,24290,24076,23682,23599,23562,23689,23448,23388,23382,23470,23714,23945,24258,24341,24742,24695,24583,24780,24859,24870,24847,24729,24858,25042,24980,24982,24886,24898,24904,24984,24975,24818,24830,24931,24911,24899,25180,25060,25024,25177,25698,25694,25738,25714,25765,25825,2234715258,2176851,2236892109
865,0500000US19151,"Pocahontas County, Iowa",19151,Pocahontas,19,IA,Iowa,15339,14808,15602,15687,16266,15496,14234,12729,11369,9525,8662,7310,7078,11160,10969,10927,10837,10737,10369,10013,9866,9713,9525,9492,9390,9302,9152,9121,9110,8943,8833,8824,8769,8664,8602,8465,8355,8170,8003,7835,7694,7667,7510,7395,7310,7289,7204,7143,7112,7097,6967,6854,6833,6714,6619,7078,7068,7043,7090,7024,7006,1495047211,3666528,1498713739
866,0500000US19153,"Polk County, Iowa",19153,Polk,19,IA,Iowa,82624,110438,154029,172837,195835,226010,266315,286101,303170,327140,374601,430640,492401,304865,304567,305725,307092,308349,309714,312846,317114,322465,327140,328383,332814,338259,343116,346672,350751,353967,356297,359704,364480,374258,375627,380108,384355,388277,392164,399030,405990,413024,419495,425737,430631,432352,438737,444671,452657,460898,467304,474277,480487,485833,490161,492402,493039,497903,501261,507487,516185,1482507931,50475974,1532983905
867,0500000US19155,"Pottawattamie County, Iowa",19155,Pottawattamie,19,IA,Iowa,54336,55832,61550,69888,66756,69682,83102,86991,86561,82628,87704,93158,93667,86312,85934,85466,85620,84830,84181,83795,83331,82776,82628,82685,82805,83399,83488,83339,83724,84693,85329,86211,86706,87825,88022,87953,88447,88821,89762,90198,90867,91239,91781,92395,93149,93363,93498,92916,92855,93258,93563,93518,93416,93264,93206,93647,93655,93403,93180,93353,93529,2463774735,20387191,2484161926
868,0500000US19157,"Poweshiek County, Iowa",19157,Poweshiek,19,IA,Iowa,19414,19589,19910,18727,18758,19344,19300,18803,19306,19033,18815,18914,18662,19267,19096,19045,18819,18892,18702,18747,18919,19054,19033,19033,18936,18928,18862,18970,18889,18961,18940,18759,18736,18829,18903,18972,18941,19060,19106,19002,19053,19140,19025,18958,18915,18925,18896,18728,18606,18608,18358,18279,18334,18467,18504,18656,18628,18623,18521,18497,18454,1514943343,2961952,1517905295
869,0500000US19159,"Ringgold County, Iowa",19159,Ringgold,19,IA,Iowa,15325,12904,12919,11966,11137,9528,7910,6373,6112,5420,5469,5131,4663,6082,6104,6000,5966,5788,5568,5429,5422,5435,5420,5413,5391,5388,5368,5330,5323,5347,5365,5348,5345,5469,5465,5415,5339,5332,5335,5304,5230,5201,5164,5119,5130,5113,5049,5027,4971,4961,4977,4985,5024,4940,4894,4663,4643,4636,4692,4646,4608,1386932344,8723135,1395655479
870,0500000US19161,"Sac County, Iowa",19161,Sac,19,IA,Iowa,17639,16555,17500,17641,17639,17518,17007,15573,14118,12324,11529,10350,9814,14012,13740,13456,13277,13077,12746,12557,12380,12350,12324,12312,12162,12163,12052,12112,12030,12000,11919,11894,11733,11531,11481,11403,11119,10967,10871,10716,10707,10532,10475,10342,10350,10354,10222,10161,10030,10048,9966,9816,9803,9705,9721,9823,9800,9771,9680,9663,9533,1489300201,8569436,1497869637
871,0500000US19163,"Scott County, Iowa",19163,Scott,19,IA,Iowa,51558,60000,73952,77332,84748,100698,119067,142687,160022,150979,158668,165224,174669,160177,159622,157397,156282,154571,152609,150903,150220,150044,150973,151322,153312,155075,155613,156053,156661,157219,157776,158383,159479,158705,158614,158203,158086,158048,158145,158543,159597,160077,161824,163582,165223,165272,166629,168347,170201,171310,171903,172135,172448,172803,172943,174681,174617,174250,173985,174589,175601,1186463532,26196368,1212659900
872,0500000US19165,"Shelby County, Iowa",19165,Shelby,19,IA,Iowa,17932,16552,16065,17131,16720,15942,15825,15528,15043,13230,13173,12167,11746,14832,14780,14629,14701,14205,13799,13467,13416,13279,13230,13225,13269,13230,13168,13113,13029,13068,13071,12939,12826,13064,13031,12990,12869,12819,12750,12547,12480,12496,12338,12165,12169,12174,11992,12024,11899,11878,11789,11655,11574,11559,11454,11749,11727,11776,11745,11823,11821,1530110527,1486125,1531596652
873,0500000US19167,"Sioux County, Iowa",19167,Sioux,19,IA,Iowa,23337,25248,26458,26806,27209,26381,26375,27996,30813,29903,31589,33704,35872,30654,30534,30698,30605,30439,29895,29596,29976,29876,29903,29921,30096,30397,30887,31249,31220,31046,31298,31450,31446,31596,31609,31952,32164,32318,32547,32726,33077,33150,33364,33587,33704,33754,34016,34282,34503,34635,34754,34944,34781,34802,34855,35876,35897,35979,36231,36399,36554,1988881469,2802041,1991683510
874,0500000US19169,"Story County, Iowa",19169,Story,19,IA,Iowa,23159,24083,26185,31141,33434,44294,49327,62783,72326,74252,79981,89542,98537,72864,72292,73316,73408,74050,74022,73312,73881,73711,74252,74286,74018,74262,74744,74254,74229,74499,74980,74969,75683,79988,80152,80260,81885,82068,82754,82884,84739,86540,87831,89285,89542,89654,91136,92003,93877,95802,96636,96893,97278,96781,97117,98534,98651,99683,99995,101501,102498,1482882554,2862354,1485744908
875,0500000US19171,"Tama County, Iowa",19171,Tama,19,IA,Iowa,24585,22156,21861,21987,22428,21688,21413,20147,19533,17419,18103,17767,17135,19342,19204,19041,18997,18660,18219,17805,17675,17487,17419,17427,17378,17430,17608,17747,17755,17653,17680,17762,17775,18099,18084,18080,18017,18030,18167,18197,18149,18064,17986,17833,17767,17719,17614,17501,17430,17309,17217,17192,17029,16869,16854,17096,17044,16862,16910,16787,16738,1867410499,2769418,1870179917
876,0500000US19173,"Taylor County, Iowa",19173,Taylor,19,IA,Iowa,18784,16312,15514,14859,14258,12420,10288,8790,8353,7114,6958,6317,5896,8315,8311,8208,8090,7840,7590,7406,7240,7188,7114,7107,7071,7055,7070,7108,7143,7158,7118,7146,7034,6958,6976,6894,6813,6747,6689,6534,6557,6448,6348,6355,6317,6322,6304,6260,6233,6175,6246,6213,6095,6160,6121,5892,5861,5868,5870,5917,5825,1377618878,7133363,1384752241
877,0500000US19175,"Union County, Iowa",19175,Union,19,IA,Iowa,19928,16616,17268,17435,16280,15651,13712,13557,13858,12750,12309,12534,12138,13848,13749,13660,13495,13141,12927,12854,12748,12634,12750,12780,12664,12554,12555,12447,12443,12601,12508,12535,12607,12312,12281,12240,12163,12004,12085,12143,12225,12319,12447,12527,12534,12513,12556,12586,12616,12627,12430,12360,12459,12298,12241,12138,12128,12048,11922,11913,11955,1097235803,5575854,1102811657
878,0500000US19177,"Van Buren County, Iowa",19177,Van Buren,19,IA,Iowa,17354,15020,14060,12603,12053,11007,9778,8643,8626,7676,7809,7570,7203,8627,8522,8424,8296,8120,7991,7872,7848,7669,7676,7686,7733,7727,7765,7738,7766,7746,7826,7877,7900,7800,7793,7716,7722,7672,7665,7638,7660,7690,7699,7628,7571,7577,7513,7449,7434,7390,7296,7241,7155,7013,7044,7202,7218,7256,7250,7266,7217,1255605676,14880499,1270486175
879,0500000US19179,"Wapello County, Iowa",19179,Wapello,19,IA,Iowa,35426,37743,37937,40480,44280,47397,46126,42149,40241,35687,36051,35625,35437,39936,39385,39069,38815,38157,37135,36237,35591,35674,35696,35716,35730,35880,36044,35968,35626,35619,35480,35381,35406,36067,36007,35947,35796,35750,35709,35855,35776,35458,35381,35481,35624,35682,35486,35431,35507,35426,35456,35265,35022,34991,34969,35435,35327,35304,35080,35417,35681,1118466908,10822775,1129289683
880,0500000US19181,"Warren County, Iowa",19181,Warren,19,IA,Iowa,20376,18194,18047,17700,17695,17758,20829,27432,34878,36033,40671,46225,52403,34977,34727,34710,34778,34776,34899,35039,35172,35655,36033,36179,36617,37230,37887,38355,38842,39418,39790,40233,40706,40672,40787,41080,41422,42187,42584,43339,44178,44868,45450,45926,46226,46340,46645,46895,47358,47827,48468,49356,50078,51014,51466,52397,52591,53487,54325,55298,56343,1475408395,8645070,1484053465
881,0500000US19183,"Washington County, Iowa",19183,Washington,19,IA,Iowa,20718,19925,20421,19822,20055,19557,19406,18967,20141,19612,20670,21704,22565,20184,20064,19862,19808,19766,19620,19517,19635,19593,19612,19629,19888,20184,20260,20251,20510,20667,20885,20931,21057,20679,20718,21064,21108,21190,21258,21350,21472,21588,21686,21692,21704,21688,21822,21903,21944,22029,22145,22126,22204,22058,21965,22565,22541,22526,22541,22554,22631,1473258541,5339036,1478597577
882,0500000US19185,"Wayne County, Iowa",19185,Wayne,19,IA,Iowa,17491,16184,15378,13787,13308,11737,9800,8405,8199,7067,6730,6403,6497,8090,7958,7869,7817,7521,7361,7232,7083,7057,7067,7070,7033,6973,6980,6892,6839,6817,6773,6667,6568,6732,6728,6655,6665,6614,6561,6494,6478,6376,6373,6393,6403,6419,6337,6329,6385,6376,6359,6447,6492,6405,6441,6492,6502,6522,6472,6542,6622,1360957549,4272458,1365230007
883,0500000US19187,"Webster County, Iowa",19187,Webster,19,IA,Iowa,31757,34629,37611,40425,41521,44241,47810,48391,45953,40342,40235,38013,36999,45488,44908,44110,43469,42695,41681,41109,40689,40505,40342,40324,40231,40095,39868,39432,39269,38955,38685,38984,39496,40230,40234,40045,39654,39377,38922,38562,38534,38393,38273,38316,38011,37879,37745,37323,37327,37069,37066,36781,36637,36339,35904,36998,36991,37172,36703,36653,36909,1853665899,7269394,1860935293
884,0500000US19189,"Winnebago County, Iowa",19189,Winnebago,19,IA,Iowa,12725,11914,13489,13143,13972,13450,13099,12990,13010,12122,11723,10866,10679,12684,12548,12551,12633,12536,12314,12030,12043,12129,12122,12137,11970,11904,11835,11896,11931,11980,12053,11940,11882,11717,11778,11586,11403,11412,11321,11340,11138,10986,10927,10917,10874,10846,10696,10602,10430,10556,10603,10602,10573,10539,10354,10676,10656,10657,10651,10563,10383,1037261956,3182049,1040444005
885,0500000US19191,"Winneshiek County, Iowa",19191,Winneshiek,19,IA,Iowa,23731,21729,22091,21630,22263,21639,21651,21758,21876,20847,21310,21056,20070,21927,21817,21760,21684,21431,21135,20959,21046,21032,20847,20832,21024,20977,21005,20989,20941,20922,20827,20979,20985,21291,21265,21258,21183,21006,21040,21060,21012,21078,20980,21025,21058,21076,21051,21041,20840,20696,20745,20427,20129,20017,19991,20069,20051,19944,19915,19728,19723,1786686748,745729,1787432477
886,0500000US19193,"Woodbury County, Iowa",19193,Woodbury,19,IA,Iowa,54610,67616,92171,101669,103627,103917,107849,103052,100884,98276,103877,102172,105941,101193,100548,99807,99744,98909,97532,96803,97575,97744,98276,98445,99204,99881,100821,101307,102007,102393,101880,101557,101453,103876,103786,103129,102666,102039,101816,100589,100693,100492,100910,101581,102175,102388,102720,102321,102284,102292,102492,102686,102132,102515,103107,105976,105952,105801,105674,106544,107257,2260790944,12793700,2273584644
887,0500000US19195,"Worth County, Iowa",19195,Worth,19,IA,Iowa,10887,9950,11630,11164,11449,11068,10259,8968,9075,7991,7909,7598,7443,9014,8951,8865,8815,8700,8472,8185,8164,8094,7991,7974,7881,7880,7959,7831,7837,7863,7771,7747,7690,7904,7894,7797,7795,7734,7731,7742,7649,7655,7632,7610,7591,7583,7561,7496,7489,7557,7503,7471,7455,7413,7381,7439,7430,7374,7316,7322,7307,1036314929,4709127,1041024056
888,0500000US19197,"Wright County, Iowa",19197,Wright,19,IA,Iowa,18227,17951,20348,20216,20038,19652,19447,17294,16319,14269,14334,13229,12943,16079,15844,15767,15799,15395,14833,14431,14318,14348,14269,14257,14151,14256,14158,14220,14362,14291,14134,14025,13845,14337,14327,14133,13957,13831,13808,13717,13588,13492,13375,13262,13229,13185,13034,13020,12982,12906,12841,12839,12765,12690,12562,12948,12923,12821,12740,12744,12729,1503260259,4703964,1507964223